7z	/usr/share/man/man1/7z.1.gz
awk	/usr/share/man/man1/gawk.1.gz
clone	/usr/share/man/man2/clone.2.gz
cp	/usr/share/man/man1/gnucp.1.gz
curl	/usr/share/man/man1/curl.1.gz
dd	/usr/share/man/man1/rust-dd.1.gz
find	/usr/share/man/man1/find.1.gz
ftp	/usr/share/man/man1/tnftp.1.gz
gawk	/usr/share/man/man1/gawk.1.gz
git	/usr/share/man/man1/git.1.gz
gzip	/usr/share/man/man1/gzip.1.gz
htop	/usr/share/man/man1/htop.1.gz
journalctl	/usr/share/man/man1/journalctl.1.gz
ln	/usr/share/man/man1/rust-ln.1.gz
lsof	/usr/share/man/man8/lsof.8.gz
mawk	/usr/share/man/man1/mawk.1.gz
mount	/usr/share/man/man8/mount.8.gz
mv	/usr/share/man/man1/gnumv.1.gz
nawk	/usr/share/man/man1/gawk.1.gz
nc	/usr/share/man/man1/nc_openbsd.1.gz
netcat	/usr/share/man/man1/nc_openbsd.1.gz
patch	/usr/share/man/man1/patch.1.gz
ps	/usr/share/man/man1/ps.1.gz
rm	/usr/share/man/man1/gnurm.1.gz
rmdir	/usr/share/man/man1/rust-rmdir.1.gz
rsync	/usr/share/man/man1/rsync.1.gz
scp	/usr/share/man/man1/scp.1.gz
sed	/usr/share/man/man1/sed.1.gz
setcap	/usr/share/man/man8/setcap.8.gz
setfacl	/usr/share/man/man1/setfacl.1.gz
sftp	/usr/share/man/man1/sftp.1.gz
shred	/usr/share/man/man1/rust-shred.1.gz
socat	/usr/share/man/man1/socat1.1.gz
ssh	/usr/share/man/man1/ssh.1.gz
ssh-add	/usr/share/man/man1/ssh-add.1.gz
ssh-agent	/usr/share/man/man1/ssh-agent.1.gz
sudo	/usr/share/man/man8/sudo-rs.8.gz
tar	/usr/share/man/man1/tar.1.gz
tee	/usr/share/man/man1/rust-tee.1.gz
telnet	/usr/share/man/man1/inetutils-telnet.1.gz
top	/usr/share/man/man1/top.1.gz
truncate	/usr/share/man/man1/rust-truncate.1.gz
umount	/usr/share/man/man8/umount.8.gz
unlink	/usr/share/man/man1/rust-unlink.1.gz
unzip	/usr/share/man/man1/unzip.1.gz
wget	/usr/share/man/man1/wget.1.gz
xz	/usr/share/man/man1/xz.1.gz
zip	/usr/share/man/man1/zip.1.gz
zstd	/usr/share/man/man1/zstd.1.gz
